experience_level,total_jobs,remote_jobs,hybrid_jobs,on_site_jobs,remote_ratio,hybrid_ratio,on_site_ratio
EN,3718,1183,1245,1290,0.31818181818181818,0.33485745024206565,0.34696073157611618
EX,3760,1261,1255,1244,0.33537234042553193,0.33377659574468083,0.33085106382978724
MI,3781,1223,1285,1273,0.32345940227453057,0.33985718064004233,0.33668341708542715
SE,3741,1253,1220,1268,0.33493718257150495,0.32611601176156108,0.33894680566693397
